Workbook

Sheet Analisa
M1: Total | O1: Rata - Rata
C2: 5 | E2: 11 | G2: 18 | I2: 25
C3: Kg | D3: % | E3: Kg | F3: % | G3: Kg | H3: % | I3: Kg | J3: % | K3: Kg | L3: % | M3: Kg | N3: %
A4: RM | C4: 3563 | E4: =617.7+3317 -> 3934.7 | G4: 3200 | I4: =G4 -> 3200 | M4: =C4+E4+G4+I4+K4 -> 13897.7 | O4: =M4/4 -> 3474.425
A5: Rendemen Fillet | C5: 1372 | D5: =C5/C$4% -> 38.506876 | E5: 1505 | F5: =E5/E$4% -> 38.249422 | G5: 1240 | H5: =G5/G$4% -> 38.75 | I5: =G5 -> 1240 | J5: =I5/I$4% -> 38.75 | M5: =C5+E5+G5+I5+K5 -> 5357 | N5: =M5/M$4% -> 38.545946 | O5: =M5/4 -> 1339.25
A7: Finished Goods
M8: =C8+E8+G8+I8+K8 -> 0
A9: 0.5 | B9: 1si 3 | C9: 207 | D9: =C9/C$4% -> 5.8097109 | E9: 200 | F9: =E9/E$4% -> 5.0829796 | G9: =E9 -> 200 | H9: =G9/G$4% -> 6.25 | I9: =G9 -> 200 | J9: =I9/I$4% -> 6.25 | L9: =K9/K$4% -> #DIV/0! | M9: =C9+E9+G9+I9+K9 -> 807 | N9: =M9/M$4% -> 5.8067162 | O9: =M9/4 -> 201.75
B10: isi 4 | D10: =C10/C$4% -> 0 | F10: =E10/E$4% -> 0 | H10: =G10/G$4% -> 0 | J10: =I10/I$4% -> 0 | L10: =K10/K$4% -> #DIV/0! | M10: =C10+E10+G10+I10+K10 -> 0 | N10: =M10/M$4% -> 0 | O10: =M10/4 -> 0
A11: 0.55 | B11: Isi 2 | C11: 964 | D11: =C11/C$4% -> 27.055852 | E11: 1500 | F11: =E11/E$4% -> 38.122347 | G11: =E11 -> 1500 | H11: =G11/G$4% -> 46.875 | I11: =G11 -> 1500 | J11: =I11/I$4% -> 46.875 | L11: =K11/K$4% -> #DIV/0! | M11: =C11+E11+G11+I11+K11 -> 5464 | N11: =M11/M$4% -> 39.315858 | O11: =M11/4 -> 1366
B12: 1si 3 | C12: 843 | D12: =C12/C$4% -> 23.659837 | F12: =E12/E$4% -> 0 | H12: =G12/G$4% -> 0 | J12: =I12/I$4% -> 0 | L12: =K12/K$4% -> #DIV/0! | M12: =C12+E12+G12+I12+K12 -> 843 | N12: =M12/M$4% -> 6.0657519 | O12: =M12/4 -> 210.75
B13: isi 4 | C13: 31 | D13: =C13/C$4% -> 0.87005333 | F13: =E13/E$4% -> 0 | H13: =G13/G$4% -> 0 | J13: =I13/I$4% -> 0 | L13: =K13/K$4% -> #DIV/0! | M13: =C13+E13+G13+I13+K13 -> 31 | N13: =M13/M$4% -> 0.22305849 | O13: =M13/4 -> 7.75
B14: BP | D14: =C14/C$4% -> 0 | F14: =E14/E$4% -> 0 | H14: =G14/G$4% -> 0 | J14: =I14/I$4% -> 0 | L14: =K14/K$4% -> #DIV/0! | M14: =C14+E14+G14+I14+K14 -> 0 | N14: =M14/M$4% -> 0 | O14: =M14/4 -> 0
A15: Ntrl/ Prtn | C15: =170+670+244.7+168 -> 1252.7 | D15: =C15/C$4% -> 35.158574 | E15: 1570 | F15: =E15/E$4% -> 39.90139 | G15: 1140 | H15: =G15/G$4% -> 35.625 | I15: =G15 -> 1140 | J15: =I15/I$4% -> 35.625 | L15: =K15/K$4% -> #DIV/0! | M15: =C15+E15+G15+I15+K15 -> 5102.7 | N15: =M15/M$4% -> 36.716147 | O15: =M15/4 -> 1275.675
A16: Timbunan | D16: =C16/C$4% -> 0 | F16: =E16/E$4% -> 0 | H16: =G16/G$4% -> 0 | J16: =I16/I$4% -> 0 | L16: =K16/K$4% -> #DIV/0! | M16: =C16+E16+G16+I16+K16 -> 0 | N16: =M16/M$4% -> 0 | O16: =M16/4 -> 0
C17: =SUM(C8:C15)-C16 -> 3297.7 | D17: =SUM(D8:D15)-D16 -> 92.554028 | E17: =SUM(E8:E15)-E16 -> 3270 | F17: =SUM(F8:F15)-F16 -> 83.106717 | G17: =SUM(G8:G15)-G16 -> 2840 | H17: =SUM(H8:H15) -> 88.75 | I17: =SUM(I8:I15)-I16 -> 2840 | J17: =SUM(J8:J15) -> 88.75 | K17: =SUM(K8:K15)-K16 -> 0 | L17: =SUM(L8:L15) -> #DIV/0! | M17: =SUM(M8:M16)-M16 -> 12247.7 | N17: =SUM(N8:N15) -> 88.127532 | O17: =M17/4 -> 3061.925
A19: Side Produk
A20: Belly | C20: 206 | D20: =C20/C$4% -> 5.7816447 | F20: =E20/E$4% -> 0 | H20: =G20/G$4% -> 0 | J20: =I20/I$4% -> 0 | M20: =C20+E20+G20+I20+K20 -> 206 | N20: =M20/M$4% -> 1.4822597 | O20: =M20/4 -> 51.5
A21: Tetelan | C21: 112 | D21: =C21/C$4% -> 3.1434185 | F21: =E21/E$4% -> 0 | H21: =G21/G$4% -> 0 | J21: =I21/I$4% -> 0 | M21: =C21+E21+G21+I21+K21 -> 112 | N21: =M21/M$4% -> 0.80588874 | O21: =M21/4 -> 28
A22: Kulit | C22: 128 | D22: =C22/C$4% -> 3.5924782 | F22: =E22/E$4% -> 0 | H22: =G22/G$4% -> 0 | J22: =I22/I$4% -> 0 | M22: =C22+E22+G22+I22+K22 -> 128 | N22: =M22/M$4% -> 0.92101571 | O22: =M22/4 -> 32
D23: =SUM(D20:D22) -> 12.517541 | F23: =SUM(F20:F22) -> 0 | H23: =SUM(H20:H22) -> 0 | J23: =SUM(J20:J22) -> 0 | N23: =SUM(N20:N22) -> 3.2091641
A24: Avalan
A25: Kepala Tulang | D25: =C25/C$4% -> 0 | M25: =C25+E25+G25+I25+K25 -> 0
A26: Tetelan Hitam | D26: =C26/C$4% -> 0 | M26: =C26+E26+G26+I26+K26 -> 0
A28: Treat. | C28: =(((C9+C10)*0.5)+((C11+C12+C13+C14)*0.45)+C15-C16)/C5% -> 159.13265 | E28: =(((E9+E10)*0.5)+((E11+E12+E13+E14)*0.45)+E15-E16)/E5% -> 155.81395 | G28: =(((G9+G10)*0.5)+((G11+G12+G13+G14)*0.45)+G15-G16)/G5% -> 154.43548 | I28: =(((I9+I10)*0.5)+((I11+I12+I13+I14)*0.45)+I15-I16)/I5% -> 154.43548 | K28: =(((K9+K10)*0.5)+((K11+K12+K13+K14)*0.45)+K15-K16)/K5% -> #DIV/0! | M28: =(((M9+M10)*0.5)+((M11+M12+M13+M14)*0.45)+M15-M16)/M5% -> 156.02576
A29: Total Rendemen | C29: =(((C9+C10)*0.5)+((C11+C12+C13+C14)*0.45)+C15-C16)/C4% -> 61.277014 | E29: =(((E9+E10)*0.5)+((E11+E12+E13+E14)*0.45)+E15-E16)/E4% -> 59.597936 | G29: =(((G9+G10)*0.5)+((G11+G12+G13+G14)*0.45)+G15-G16)/G4% -> 59.84375 | I29: =(((I9+I10)*0.5)+((I11+I12+I13+I14)*0.45)+I15-I16)/I4% -> 59.84375 | K29: =(((K9+K10)*0.5)+((K11+K12+K13+K14)*0.45)+K15-K16)/K4% -> #DIV/0! | M29: =(((M9+M10)*0.5)+((M11+M12+M13+M14)*0.45)+M15-M16)/M4% -> 60.141606

Sheet Cost
C1: Tanggal | W1: T O T A L
C2: 5 | G2: 12 | K2: =Analisa!G2 -> 18 | O2: =Analisa!I2 -> 25
B3: SOF NATURAL | C3: =Analisa!C5 -> 1372 | G3: =Analisa!E5 -> 1505 | K3: =Analisa!G5 -> 1240 | O3: =Analisa!I5 -> 1240 | W3: =SUM(C3:V3) -> 5357
B4: Finished goods | C4: =Margin!C16 -> 3297.7 | G4: =Margin!F16 -> 3270 | K4: =Analisa!G17 -> 2840 | O4: =Analisa!I17 -> 2840 | W4: =SUM(C4:V4) -> 12247.7
A5: Cost
A6: No | B6: Ketereangan | C6: Harga | E6: Kg | F6: Biaya | G6: Harga | I6: Kg | J6: Biaya | K6: Harga | M6: Kg | N6: Biaya | O6: Harga | Q6: Kg | R6: Biaya | S6: Harga | U6: Kg | V6: Biaya | W6: Kg | X6: Biaya | Z6: Month | AB6: After | AC6: Month
C7: KG | D7: PC | G7: KG | H7: PC | K7: KG | L7: PC | O7: KG | P7: PC | S7: KG | T7: PC | Z7: Actual | AA7: Penghematan | AC7: Actual | AD7: Penghematan
A8: 1 | B8: MC Ready | D8: 5700 | E8: =C4 -> 3297.7 | F8: =(E8/10)*D8 -> 1879689 | H8: 5700 | I8: =G4 -> 3270 | J8: =(I8/10)*H8 -> 1863900 | L8: 5700 | M8: =K4 -> 2840 | N8: =(M8/10)*L8 -> 1618800 | P8: 5700 | Q8: =O4 -> 2840 | R8: =(Q8/10)*P8 -> 1618800 | W8: =E8+I8+M8+Q8+U8 -> 12247.7 | X8: =F8+J8+N8+R8+V8 -> 6981189
A9: 2 | B9: PB Ready 8 gram/pc | C9: 50000 | D9: =(C9/1000)*8 -> 400 | E9: =C4 -> 3297.7 | F9: =D9*E9 -> 1319080 | G9: 50000 | H9: =(G9/1000)*8 -> 400 | I9: =G4 -> 3270 | J9: =H9*I9 -> 1308000 | K9: 50000 | L9: =(K9/1000)*8 -> 400 | M9: =K4 -> 2840 | N9: =L9*M9 -> 1136000 | O9: 50000 | P9: =(O9/1000)*8 -> 400 | Q9: =O4 -> 2840 | R9: =P9*Q9 -> 1136000 | W9: =E9+I9+M9+Q9+U9 -> 12247.7 | X9: =F9+J9+N9+R9+V9 -> 4899080 | Y9: =X9+X10 -> 6062611.5 | Z9: 4870640 | AA9: 1339426 | AB9: =Z9-AA9 -> 3531214 | AD9: 1339426 | AE9: 4870640 | AF9: 6027417 | AG9: =AE9-X9 -> -28440 | AH9: =AF9-Y9 -> -35194.5
A10: 3 | B10: Pb MC 19 gram/pc | C10: 50000 | D10: =(C10/1000)*19 -> 950 | E10: =C4 -> 3297.7 | F10: =(E10/10)*D10 -> 313281.5 | G10: 50000 | H10: =(G10/1000)*19 -> 950 | I10: =G4 -> 3270 | J10: =(I10/10)*H10 -> 310650 | K10: 50000 | L10: =(K10/1000)*19 -> 950 | M10: =K4 -> 2840 | N10: =(M10/10)*L10 -> 269800 | O10: 50000 | P10: =(O10/1000)*19 -> 950 | Q10: =O4 -> 2840 | R10: =(Q10/10)*P10 -> 269800 | W10: =E10+I10+M10+Q10+U10 -> 12247.7 | X10: =F10+J10+N10+R10+V10 -> 1163531.5 | Z10: 1156777 | AA10: 318113.67 | AB10: =Z10-AA10 -> 838663.33 | AD10: 318113.67 | AE10: 1156777 | AG10: =AE10-X10 -> -6754.5
A11: 4 | B11: Non Phospate | C11: 35000 | E11: =C3*2.5% -> 34.3 | F11: =C11*E11 -> 1200500 | G11: 35000 | I11: =G3*2.5% -> 37.625 | J11: =G11*I11 -> 1316875 | K11: 35000 | M11: =K3*2.5% -> 31 | N11: =K11*M11 -> 1085000 | O11: 35000 | Q11: =O3*2.5% -> 31 | R11: =O11*Q11 -> 1085000 | U11: =S3*2.5% -> 0 | V11: =S11*U11 -> 0 | W11: =E11+I11+M11+Q11+U11 -> 133.925 | X11: =F11+J11+N11+R11+V11 -> 4687375 | Y11: =X11+X12 -> 7387303
A12: 5 | B12: Pembersih | C12: 42000 | E12: =C3*1.2% -> 16.464 | F12: =C12*E12 -> 691488 | G12: 42000 | I12: =G3*1.2% -> 18.06 | J12: =G12*I12 -> 758520 | K12: 42000 | M12: =K3*1.2% -> 14.88 | N12: =K12*M12 -> 624960 | O12: 42000 | Q12: =O3*1.2% -> 14.88 | R12: =O12*Q12 -> 624960 | U12: =S3*1.2% -> 0 | V12: =S12*U12 -> 0 | W12: =E12+I12+M12+Q12+U12 -> 64.284 | X12: =F12+J12+N12+R12+V12 -> 2699928 | AE12: 1339426 | AF12: 1657539.7
A13: 6 | B13: Transport | C13: 600 | E13: =C4 -> 3297.7 | F13: =C13*E13 -> 1978620 | G13: 600 | I13: =G4 -> 3270 | J13: =G13*I13 -> 1962000 | K13: 600 | M13: =K4 -> 2840 | N13: =K13*M13 -> 1704000 | O13: 600 | Q13: =O4 -> 2840 | R13: =O13*Q13 -> 1704000 | W13: =E13+I13+M13+Q13+U13 -> 12247.7 | X13: =F13+J13+N13+R13+V13 -> 7348620 | Z13: =X13/4 -> 1837155 | AA13: 700000 | AB13: =Z13-AA13 -> 1137155 | AC13: =AB13*4 -> 4548620 | AD13: =AA13*4 -> 2800000 | AE13: 318113.67
A14: 7 | B14: Listrik | C14: 600 | E14: =C4 -> 3297.7 | F14: =C14*E14 -> 1978620 | G14: 600 | I14: =G4 -> 3270 | J14: =G14*I14 -> 1962000 | K14: 600 | M14: =K4 -> 2840 | N14: =K14*M14 -> 1704000 | O14: 600 | Q14: =O4 -> 2840 | R14: =O14*Q14 -> 1704000 | W14: =E14+I14+M14+Q14+U14 -> 12247.7 | X14: =F14+J14+N14+R14+V14 -> 7348620
A15: 8 | B15: Air | C15: 60 | E15: =C4 -> 3297.7 | F15: =C15*E15 -> 197862 | G15: 60 | I15: =G4 -> 3270 | J15: =G15*I15 -> 196200 | K15: 60 | M15: =K4 -> 2840 | N15: =K15*M15 -> 170400 | O15: 60 | Q15: =O4 -> 2840 | R15: =O15*Q15 -> 170400 | W15: =E15+I15+M15+Q15+U15 -> 12247.7 | X15: =F15+J15+N15+R15+V15 -> 734862
A16: 9 | B16: Es | C16: 200 | E16: =C4 -> 3297.7 | F16: =C16*E16 -> 659540 | G16: 200 | I16: =G4 -> 3270 | J16: =G16*I16 -> 654000 | K16: 200 | M16: =K4 -> 2840 | N16: =K16*M16 -> 568000 | O16: 200 | Q16: =O4 -> 2840 | R16: =O16*Q16 -> 568000 | W16: =E16+I16+M16+Q16+U16 -> 12247.7 | X16: =F16+J16+N16+R16+V16 -> 2449540
A17: 10 | B17: Operational | C17: 150 | E17: =C4 -> 3297.7 | F17: =C17*E17 -> 494655 | G17: 150 | I17: =G4 -> 3270 | J17: =G17*I17 -> 490500 | K17: 150 | M17: =K4 -> 2840 | N17: =K17*M17 -> 426000 | O17: 150 | Q17: =O4 -> 2840 | R17: =O17*Q17 -> 426000 | W17: =E17+I17+M17+Q17+U17 -> 12247.7 | X17: =F17+J17+N17+R17+V17 -> 1837155
A18: 11 | B18: Perawatan | C18: 600 | E18: =C4 -> 3297.7 | F18: =C18*E18 -> 1978620 | G18: 600 | I18: =G4 -> 3270 | J18: =G18*I18 -> 1962000 | K18: 600 | M18: =K4 -> 2840 | N18: =K18*M18 -> 1704000 | O18: 600 | Q18: =O4 -> 2840 | R18: =O18*Q18 -> 1704000 | W18: =E18+I18+M18+Q18+U18 -> 12247.7 | X18: =F18+J18+N18+R18+V18 -> 7348620 | Z18: =X18/4 -> 1837155 | AA18: 500000 | AB18: =Z18-AA18 -> 1337155 | AC18: =AB18*4 -> 5348620 | AD18: =AA18*4 -> 2000000
A19: 12 | B19: Penitipan CS | F19: 1500000 | X19: =F19+J19+N19+R19+V19 -> 1500000 | AD19: 1000000
A20: 13 | B20: Sewa | F20: 1000000 | J20: 1000000 | N20: 1000000 | R20: 1000000 | X20: =F20+J20+N20+R20+V20 -> 4000000
D22: T O T A L | F22: =SUM(F8:F20) -> 15191956 | H22: T O T A L | J22: =SUM(J8:J20) -> 13784645 | L22: T O T A L | N22: =SUM(N8:N20) -> 12010960 | P22: T O T A L | R22: =SUM(R8:R20) -> 12010960 | X22: =SUM(X8:X20) -> 52998520 | AD22: =SUM(AD8:AD21) -> 7457539.7
F23: =F13+F17+F18 -> 4451895 | X23: =X13+X17+X18 -> 16534395 | AD23: =X22-AD22 -> 45540981
D24: 5700 | E24: =E8 -> 3297.7 | F24: =(E24/10)*D24 -> 1879689
F25: =F24-F8 -> 0
F26: =F25*4 -> 0

Sheet Margin
C1: T A N G G A L | R1: T O T A L
C2: =Analisa!C2 -> 5 | F2: =Analisa!E2 -> 11 | I2: =Analisa!G2 -> 18 | L2: =Analisa!I2 -> 25 | O2: =Analisa!K2 -> 0
C3: Kg | D3: Rp | E3: Total | F3: Kg | G3: Rp | H3: Total | I3: Kg | J3: Rp | K3: Total | L3: Kg | M3: Rp | N3: Total | O3: Kg | P3: Rp | Q3: Total | R3: Kg | S3: Rp | T3: Total
A4: RM | C4: =Analisa!C4 -> 3563 | D4: 24500 | E4: =C4*D4 -> 87293500 | F4: =Analisa!E4 -> 3934.7 | G4: 23500 | H4: =F4*G4 -> 92465450 | I4: =Analisa!G4 -> 3200 | J4: 22500 | K4: =I4*J4 -> 72000000 | L4: =Analisa!I4 -> 3200 | M4: 23500 | N4: =L4*M4 -> 75200000 | O4: =Analisa!K4 -> 0 | P4: 23500 | Q4: =O4*P4 -> 0 | R4: =C4+F4+I4+L4+O4 -> 13897.7 | S4: =AVERAGE(G4,J4,M4,P4,D4) -> 23500 | T4: =E4+H4+K4+N4+Q4 -> 326958950 | U4: =T4/T$16% -> 62.538209
A6: Finished Goods
A7: 0.45 | B7: 1si 3 | C7: =Analisa!C8 -> 0 | F7: =Analisa!E8 -> 0 | H7: =F7*G7 -> 0 | I7: =Analisa!G8 -> 0 | L7: =Analisa!I8 -> 0 | R7: =C7+F7+I7+L7+O7 -> 0 | T7: =E7+H7+K7+N7+Q7 -> 0
A8: 0.5 | B8: 1si 3 | C8: =Analisa!C9 -> 207 | D8: 33000 | E8: =C8*D8 -> 6831000 | F8: =Analisa!E9 -> 200 | G8: 32500 | H8: =F8*G8 -> 6500000 | I8: =Analisa!G9 -> 200 | J8: 32000 | K8: =I8*J8 -> 6400000 | L8: =Analisa!I9 -> 200 | M8: 32500 | N8: =L8*M8 -> 6500000 | O8: =Analisa!K9 -> 0 | P8: 32500 | Q8: =O8*P8 -> 0 | R8: =C8+F8+I8+L8+O8 -> 807 | S8: 32500 | T8: =E8+H8+K8+N8+Q8 -> 26231000
B9: isi 4 | C9: =Analisa!C10 -> 0 | D9: 33000 | E9: =C9*D9 -> 0 | F9: =Analisa!E10 -> 0 | G9: 32500 | H9: =F9*G9 -> 0 | I9: =Analisa!G10 -> 0 | J9: 32000 | K9: =I9*J9 -> 0 | L9: =Analisa!I10 -> 0 | M9: 32500 | N9: =L9*M9 -> 0 | O9: =Analisa!K10 -> 0 | P9: 32500 | Q9: =O9*P9 -> 0 | R9: =C9+F9+I9+L9+O9 -> 0 | S9: 32500 | T9: =E9+H9+K9+N9+Q9 -> 0
A10: 0.55 | B10: Isi 2 | C10: =Analisa!C11 -> 964 | D10: 30500 | E10: =C10*D10 -> 29402000 | F10: =Analisa!E11 -> 1500 | G10: 30000 | H10: =F10*G10 -> 45000000 | I10: =Analisa!G11 -> 1500 | J10: 29500 | K10: =I10*J10 -> 44250000 | L10: =Analisa!I11 -> 1500 | M10: 30000 | N10: =L10*M10 -> 45000000 | O10: =Analisa!K11 -> 0 | P10: 30000 | Q10: =O10*P10 -> 0 | R10: =C10+F10+I10+L10+O10 -> 5464 | S10: 30000 | T10: =E10+H10+K10+N10+Q10 -> 163652000
B11: 1si 3 | C11: =Analisa!C12 -> 843 | D11: 30500 | E11: =C11*D11 -> 25711500 | F11: =Analisa!E12 -> 0 | G11: 30000 | H11: =F11*G11 -> 0 | I11: =Analisa!G12 -> 0 | J11: 29500 | K11: =I11*J11 -> 0 | L11: =Analisa!I12 -> 0 | M11: 30000 | N11: =L11*M11 -> 0 | O11: =Analisa!K12 -> 0 | P11: 30000 | Q11: =O11*P11 -> 0 | R11: =C11+F11+I11+L11+O11 -> 843 | S11: 30000 | T11: =E11+H11+K11+N11+Q11 -> 25711500
B12: isi 4 | C12: =Analisa!C13 -> 31 | D12: 30500 | E12: =C12*D12 -> 945500 | F12: =Analisa!E13 -> 0 | G12: 30000 | H12: =F12*G12 -> 0 | I12: =Analisa!G13 -> 0 | J12: 29500 | K12: =I12*J12 -> 0 | L12: =Analisa!I13 -> 0 | M12: 30000 | N12: =L12*M12 -> 0 | O12: =Analisa!K13 -> 0 | P12: 30000 | Q12: =O12*P12 -> 0 | R12: =C12+F12+I12+L12+O12 -> 31 | S12: 30000 | T12: =E12+H12+K12+N12+Q12 -> 945500
B13: BP | C13: =Analisa!C14 -> 0 | D13: 30500 | E13: =C13*D13 -> 0 | F13: =Analisa!E14 -> 0 | G13: 30000 | H13: =F13*G13 -> 0 | I13: =Analisa!G14 -> 0 | J13: 29500 | K13: =I13*J13 -> 0 | L13: =Analisa!I14 -> 0 | M13: 30000 | N13: =L13*M13 -> 0 | O13: =Analisa!K14 -> 0 | P13: 30000 | Q13: =O13*P13 -> 0 | R13: =C13+F13+I13+L13+O13 -> 0 | S13: 30000 | T13: =E13+H13+K13+N13+Q13 -> 0
A14: Ntrl/ Prtn | C14: =Analisa!C15 -> 1252.7 | D14: 61000 | E14: =C14*D14 -> 76414700 | F14: =Analisa!E15 -> 1570 | G14: 60000 | H14: =F14*G14 -> 94200000 | I14: =Analisa!G15 -> 1140 | J14: 59000 | K14: =I14*J14 -> 67260000 | L14: =Analisa!I15 -> 1140 | M14: 60000 | N14: =L14*M14 -> 68400000 | O14: =Analisa!K15 -> 0 | P14: 60000 | Q14: =O14*P14 -> 0 | R14: =C14+F14+I14+L14+O14 -> 5102.7 | S14: 60000 | T14: =E14+H14+K14+N14+Q14 -> 306274700
A15: Timbunan | C15: =Analisa!C16 -> 0 | D15: 61000 | E15: =C15*D15 -> 0 | F15: =Analisa!E16 -> 0 | G15: 60000 | H15: =F15*G15 -> 0 | I15: =Analisa!G16 -> 0 | J15: 59000 | K15: =I15*J15 -> 0 | L15: =Analisa!I16 -> 0 | M15: 60000 | N15: =L15*M15 -> 0 | O15: =Analisa!K16 -> 0 | P15: 60000 | Q15: =O15*P15 -> 0 | R15: =C15+F15+I15+L15+O15 -> 0 | S15: 60000 | T15: =E15+H15+K15+N15+Q15 -> 0
C16: =SUM(C7:C14)-C15 -> 3297.7 | E16: =SUM(E7:E14)-E15 -> 139304700 | F16: =SUM(F7:F14)-F15 -> 3270 | H16: =SUM(H7:H14)-H15 -> 145700000 | I16: =SUM(I7:I14)-I15 -> 2840 | K16: =SUM(K7:K14)-K15 -> 117910000 | L16: =SUM(L7:L14)-L15 -> 2840 | N16: =SUM(N7:N14)-N15 -> 119900000 | O16: =SUM(O7:O14)-O15 -> 0 | Q16: =SUM(Q7:Q14)-Q15 -> 0 | R16: =C16+F16+I16+L16+O16 -> 12247.7 | T16: =SUM(T7:T14)-T15 -> 522814700 | U16: =U4+U23 -> 100
A17: Side Produk | T17: =E16+H16+K16+N16+Q16 -> 522814700
A18: Belly | C18: =Analisa!C20 -> 206 | D18: 5500 | E18: =C18*D18 -> 1133000 | F18: =Analisa!E20 -> 0 | G18: 5500 | H18: =F18*G18 -> 0 | I18: =Analisa!G20 -> 0 | J18: 5500 | K18: =I18*J18 -> 0 | L18: =Analisa!I20 -> 0 | M18: 5500 | N18: =L18*M18 -> 0 | P18: 5500 | Q18: =O18*P18 -> 0 | R18: =C18+F18+I18+L18+O18 -> 206 | T18: =E18+H18+K18+N18+Q18 -> 1133000
A19: Tetelan | C19: =Analisa!C21 -> 112 | D19: 7000 | E19: =C19*D19 -> 784000 | F19: =Analisa!E21 -> 0 | G19: 8000 | H19: =F19*G19 -> 0 | I19: =Analisa!G21 -> 0 | J19: 8000 | K19: =I19*J19 -> 0 | L19: =Analisa!I21 -> 0 | M19: 8000 | N19: =L19*M19 -> 0 | P19: 8000 | Q19: =O19*P19 -> 0 | R19: =C19+F19+I19+L19+O19 -> 112 | T19: =E19+H19+K19+N19+Q19 -> 784000
A20: Kulit | C20: =Analisa!C22 -> 128 | D20: 9000 | E20: =C20*D20 -> 1152000 | F20: =Analisa!E22 -> 0 | G20: 9000 | H20: =F20*G20 -> 0 | I20: =Analisa!G22 -> 0 | J20: 9000 | K20: =I20*J20 -> 0 | L20: =Analisa!I22 -> 0 | M20: 9000 | N20: =L20*M20 -> 0 | P20: 9000 | Q20: =O20*P20 -> 0 | R20: =C20+F20+I20+L20+O20 -> 128 | T20: =E20+H20+K20+N20+Q20 -> 1152000
A21: Total | E21: =SUM(E18:E20) -> 3069000 | H21: =SUM(H18:H20) -> 0 | K21: =SUM(K18:K20) -> 0 | N21: =SUM(N18:N20) -> 0 | Q21: =SUM(Q18:Q20) -> 0 | T21: =SUM(E21:Q21) -> 3069000
A22: Timbunan
A23: Margin | E23: =E16-E4 -> 52011200 | H23: =H16-H4 -> 53234550 | K23: =K16-K4 -> 45910000 | N23: =N16-N4 -> 44700000 | Q23: =Q16-Q4 -> 0 | T23: =E23+H23+K23+N23+Q23 -> 195855750 | U23: =T23/T$16% -> 37.461791
E24: =E23/C4 -> 14597.586 | H24: =H23/F4 -> 13529.507 | K24: =K23/I4 -> 14346.875 | N24: =N23/L4 -> 13968.75 | Q24: =Q23/O4 -> #DIV/0! | T24: =T23/R4 -> 14092.674
E25: =Analisa!C29 -> 61.277014 | H25: =Analisa!E29 -> 59.597936 | K25: =Analisa!G29 -> 59.84375 | N25: =Analisa!I29 -> 59.84375 | Q25: =Analisa!K29 -> #DIV/0! | T25: =Analisa!M29 -> 60.141606
H27: 46390000
H28: 13644.118
H29: =H27-H23 -> -6844550
H30: =H28-H24 -> 114.61095

Sheet pendukung
A1: Harga Bahan Pendukung
A2: No | B2: Item | C2: Harga (Kg/ Pc)
A3: 1 | B3: MC | C3: 5160
A4: 2 | B4: PB Ready | C4: =(50000/1000)*8 -> 400
A5: 3 | B5: PB MC | C5: =(50000/1000)*17 -> 850
A6: 5 | B6: Non Phospate | C6: 35000
A7: 6 | B7: Pembersih | C7: 42000

Sheet Rank
A1: No | B1: Ket. | C1: Total | D1: %
A2: 1 | B2: Omset | C2: =Margin!T16 -> 522814700
A3: 2 | B3: RM | C3: =Margin!T4 -> 326958950 | D3: =C3/C2% -> 62.538209
A4: 3 | B4: Margin | C4: =Margin!T23 -> 195855750 | D4: =C4/C$2% -> 37.461791
A5: 4 | B5: Cost | C5: =Cost!X22 -> 52998520 | D5: =C5/C$2% -> 10.137152 | E5: =C5/C$2% -> 10.137152
A6: 5 | B6: Payroll | C6: =[1]Payroll!$L$38 -> 59967381 | D6: =C6/C$2% -> 11.470102 | E6: =C6/C$2% -> 11.470102
A7: 6 | B7: Nett | C7: =C4-C5-C6 -> 82889849 | D7: =C7/C$2% -> 15.854537 | E7: =C7/C$2% -> 15.854537
C8: =C7/26 -> 3188071.1 | D8: =D3+D5+D6+D7 -> 100
B10: BRI | C10: 11400000
B11: BNI | C11: 7800000
B13: Total | C13: =C10+C11+C12 -> 19200000
C14: =C7-C13 -> 63689849
